price,time_posted,d,description,location
USD 850.00,"Posted: 10 hour(s), 23 min(s) ago",," 4 bd3 ba2,000 sqft 1119 Kenwood Dr, San Angelo, TX 76903... More Houses for Rent AdsReady to start the new year in a gorgeous new home? Come take a look at this large four bedroom, three bath Santa Rita house! With 2 living areas and large outdoor patio area, this home is perfect for entertaining!","Location: San Angelo, United States"
USD 750.00,"Posted: 10 hour(s), 25 min(s) ago",," 3 bd2 ba1,300 sqft 21117 County Road 3124, Chandler, TX 75758... More Houses for Rent AdsWelcome to 21117 CR 3124, a charming 3 bedroom and 2 bathroom home located in the beautiful city of Chandler, TX. This lovely home boasts a modern and stylish design, with wood look flooring throughout the entire house that adds warmth and elegance t...","Location: Chandler, United States"
USD 850.00,"Posted: 10 hour(s), 29 min(s) ago",," 3 bd2 ba1,528 sqft 11831 Ironstone Ct, Houston, TX 77067... More Houses for Rent AdsYOU HAVE FOUND YOUR HOME! Come take a look at this spacious one story home in the nice Camden Park subdivision! Nice location with several restaurants nearby. You'll love its delightful front garden and the HUGE fenced backyard! Lovely kitchen with p...","Location: Houston, United States"
USD 950.00,"Posted: 10 hour(s), 32 min(s) ago",," 3 bd2 ba1,121 sqft 709 Center Ave, Kerrville, TX 78028... More Houses for Rent AdsRemodeled 3/2 walking distance to the River Trail. Live like you are on vacation in this cute cottage that is close to shopping, doctors, restaurants, the river, etc. This one has been updated inside and out and even has new landscaping to give it th...","Location: Kerrville, United States"
USD 450.00,"Posted: 10 hour(s), 34 min(s) ago",," 1 bd1 ba500 sqft 722 Avenue C, Port Neches, TX 77651... More Houses for Rent AdsThis one bedroom, one bath garage apartment with an updated exterior is located in Port Neches minutes from Port Neches - Groves High School and the Port Neches Park. This apartment features hardwood and vinyl floors, window units for cooling, and la...","Location: Port Neches, United States"
USD 750.00,"Posted: 10 hour(s), 39 min(s) ago",," 3 bd2 ba1,028 sqft 3003 Tyler Ln, Taylor, TX 76574... More Houses for Rent AdsThis 3-bedroom, 2-bath home in Rob Roy Estates offers a harmonious blend of comfort, functionality, and accessibility. With its open floor plan, well-appointed kitchen, and thoughtful features such as washer and dryer hookups in the garage, this resi...","Location: Taylor, United States"
USD 950.00,"Posted: 10 hour(s), 41 min(s) ago",," 3 bd2 ba1,152 sqft 2448 Chinkapin Way, Dallas, TX 75212... More Houses for Rent AdsBELOW MARKET RENT! Lowest priced for single family home in the area. This will not last! Hurry and get your application in today. You must complete an application ONCE WE HAVE AN APPROVED APPLICATION WE WOULD THEN SCHEDULE A TIME FOR VIEWING.Applicat...","Location: Dallas, United States"
USD 950.00,"Posted: 10 hour(s), 44 min(s) ago",," 4 bd2 ba1,864 sqft 10414 Huntington Way Dr, Houston, TX 77099... More Houses for Rent AdsWhat a lovely 4 bedroom home located in the sought-out Huntington Village community! You'll be charmed by a beautiful, open layout in the kitchen which also has plenty of cabinets and counter space. Great sized dining room right off the kitchen. The ...","Location: Houston, United States"
USD 750.00,"Posted: 10 hour(s), 47 min(s) ago",," 3 bd1 ba1,217 sqft 1329 Oak Park Dr, Aransas Pass, TX 78336... More Houses for Rent AdsBeautiful open-concept house in Aransas Pass, just a short 20.4 miles to Corpus Christi and a 10-minute ferry ride to Port Aransas. Features central heat/air, two-car garage with remote opener, huge backyard, front and back porches, hardwood flooring...","Location: Aransas Pass, United States"
USD 900.00,"Posted: 10 hour(s), 49 min(s) ago",," 3 bd2 ba1,227 sqft 7218 Desilu Dr, San Antonio, TX 78240... More Houses for Rent AdsPrepare to be impressed by this remarkable home! Situated just minutes away from the thriving medical center, this residence boasts three spacious bedrooms and two full bathrooms. Step inside to discover the elegance of porcelain tile flooring that g...","Location: San Antonio, United States"
USD 750.00,"Posted: 10 hour(s), 52 min(s) ago",," 2 bd1.5 ba1,000 sqft 2434 Windy Pine Ln, Arlington, TX 76015... More Houses for Rent AdsWhat's not to love about this Duplex. When you enter the duplex you enter into the open living and dining area. Outside the sliding glass doors in the dining room there is a small storage closet. The galley style kitchen has plenty of room for all th...","Location: Arlington, United States"
USD 550.00,"Posted: 10 hour(s), 54 min(s) ago",," 4 bd1 ba1,008 sqft 1705 E Colgate St, Lubbock, TX 79403... More Houses for Rent Ads-4 Bedrooms -1 Full Baths -1 Car Garage -Kitchen with lots of cabinet and counter space -Large living room with great window -Blinds throughout the home! -Neutral paint colors throughout. - New appliances / Refrigerator, stove,...","Location: Lubbock, United States"
USD 850.00,"Posted: 10 hour(s), 56 min(s) ago",," 2 bd2 ba1,259 sqft 12206 Netherwood Ln, San Antonio, TX 78253... More Houses for Rent AdsWelcome to this charming single story residence boasting 2 bedrooms and 2 bathrooms. The interior features laminate flooring gracing the living room, while the kitchen boasts ceramic tile, and the bedrooms offer plush carpeting underfoot. This home c...","Location: San Antonio, United States"
USD 750.00,"Posted: 10 hour(s), 59 min(s) ago",," 3 bd2 ba1,135 sqft 909 W Johnson St, Denison, TX 75020... More Houses for Rent Ads3 BEDROOM 2 BATHROOM! This stunning home offers an open concept floor plan, is energy efficient, high-end finishes, quartz countertops, tall ceilings, recessed lighting, epoxy sealed concrete flooring, stainless steal appliances, large island in the ...","Location: Denison, United States"
USD 500.00,"Posted: 11 hour(s), 02 min(s) ago",," 2 bd1 ba864 sqft 775 Fulton Ave, Beaumont, TX 77701... More Houses for Rent AdsThis two bedroom, one bathroom home is in Beaumont. The home features wood, vinyl, and carpet flooring. The kitchen includes a cooktop, stove, dishwasher and refrigerator for tenant use. This home is cooled by a window unit and ceiling fans. Includes...","Location: Beaumont, United States"
USD 750.00,"Posted: 11 hour(s), 05 min(s) ago",," 3 bd2 ba1,109 sqft 1120 Renee Spur, Belton, TX 76513... More Houses for Rent Ads3 Bedroom, 2 Bathroom, 2 Car Garage Home Amenities include: - Central Heat and Air, Washer & Dryer Connections, Dishwasher, Fridge, Stove, Microwave, Fireplace, Patio, Ceramic Tile, Vinyl Plank, and Fenced Yard with Sprinkler System.","Location: Belton, United States"
USD 950.00,"Posted: 11 hour(s), 09 min(s) ago",," 3 bd2 ba1,366 sqft 10725 Lone Pine Ln, Fort Worth, TX 76108... More Houses for Rent AdsWelcome to your dream family home located in the tranquil and friendly community Chapel Creek Section of Fort Worth. This beautifully appointed single-family residence is now available for rent and offers a perfect combination of comfort, space, and ...","Location: Fort Worth, United States"
USD 950.00,"Posted: 11 hour(s), 13 min(s) ago",," 3 bd2 ba1,548 sqft 14912 Oakwood Ln, Balch Springs, TX 75180... More Houses for Rent AdsBELOW MARKET RENT! Lowest priced for single family home in the area. This will not last! Hurry and get your application in today. You must complete an application ONCE WE HAVE AN APPROVED APPLICATION WE WOULD THEN SCHEDULE A TIME FOR VIEWING.Applicat...","Location: Sulphur Springs, United States"
USD 750.00,"Posted: 11 hour(s), 18 min(s) ago",," 4 bd2 ba1,310 sqft 3325 Martin Luther King Jr Dr, Orange, TX 77632... More Houses for Rent AdsThis home is located in Orange. It is 1,310 s.f., 4 bedroom, 2 bath, open kitchen and living room, dining room, laundry room, breakfast nook with French doors, and lots of storage space. New flooring throughout, new and updated bathrooms, new cabinet...","Location: Orange, United States"
USD 750.00,"Posted: 11 hour(s), 21 min(s) ago",," 3 bd2 ba1,067 sqft 6602 Timberhill Dr, San Antonio, TX 78238... More Houses for Rent AdsAvailable Immediately! Additional showing options are available! This is a cozy 3 bedroom, 2 bath home. The home opens up to the main living area. The kitchen features plenty of cabinet space and in-kitchen dining space. The main bedroom features a f...","Location: San Antonio, United States"
USD 750.00,"Posted: 11 hour(s), 26 min(s) ago",," 4 bd2 ba1,938 sqft 1937 71st St, Lubbock, TX 79412... More Houses for Rent AdsBELOW MARKET RENT! Lowest priced for single family home in the area. This will not last! Hurry and get your application in today. You must complete an application ONCE WE HAVE AN APPROVED APPLICATION WE WOULD THEN SCHEDULE A TIME FOR VIEWING.Applicat...","Location: Lubbock, United States"
USD 750.00,"Posted: 11 hour(s), 29 min(s) ago",," 3 bd2 ba1,355 sqft 510 Solar Dr, San Antonio, TX 78227... More Houses for Rent AdsGreat single story 3 bedroom available for rent in Rainbow Hills. 3 large bedrooms and 2 baths. Covered patio overlooks large backyard. Great location with convenient access to Loop 410, Hwy 90, Lackland AFB and more!","Location: San Antonio, United States"
USD 500.00,"Posted: 11 hour(s), 32 min(s) ago",," 3 bd1 ba1,049 sqft 4780 El Paso St, Beaumont, TX 77703... More Houses for Rent AdsThis is a three bedroom, one bathroom home is ready to rent in Beaumont! This house has carpet flooring throughout the living room and bedrooms linoleum in the kitchen and bathroom. The home has a spacious living room with a closet for additional sto...","Location: Beaumont, United States"
USD 650.00,"Posted: 11 hour(s), 35 min(s) ago",," 2 bd1 ba888 sqft 2032 S Hayden St, Amarillo, TX 79109... More Houses for Rent AdsLovely Woflin 2 bedrooms/ 1 bath house. Directly across Woflin Elementary School and less than a mile from Amarillo College- Washing Street Campus. Nearby you will discover some of Amarillos finest shopping, restaurants, and entertainment. This home ...","Location: Amarillo, United States"
USD 900.00,"Posted: 11 hour(s), 49 min(s) ago",," 2bed 1bath house available in 505 Yost Rd, Salisbury, Rent $900... More Houses for Rent AdsThis beautiful 2 bed/ 1 bath recently renovated house will not last long! The home has stainless steel appliances, hardwood flooring and washer/dryer hookups. Home has an open floor plan and great yard for play dates and entertaining. Each adult a...","Location: Salisbury, United States"
USD 850.00,"Posted: 11 hour(s), 55 min(s) ago",," 3 bd2 ba1,423 sqft 4910 Buckwheat St, San Antonio, TX 78217... More Houses for Rent Ads4910 Buckwheat st, 78217 Brand new roof, brand new flooring, rainshower shower heads, freshly painted exterior and interior, and no carpet. Privacy fence with large covered patio. 2 car garage and 4 car driveway parking. Also with washing machine and...","Location: San Antonio, United States"
USD 850.00,"Posted: 11 hour(s), 56 min(s) ago",," 3bed 1bath house available in 124 Cherryview Ln, Winston Salem, Rent $850... More Houses for Rent Ads3BR 1.5BA Ranch style home. Too cute to miss! Fresh neutral paint colors, newer cabinets, newer hardwood flooring, newer light fixtures. Newer gas range, kitchen/eat in dining area combo. We do not accept housing vouchers and only accept one paid app...","Location: Winston Salem, United States"
USD 650.00,"Posted: 11 hour(s), 58 min(s) ago",," 3 bd1.5 ba1,100 sqft 5708 Corsicana Ave, El Paso, TX 79924... More Houses for Rent Ads**AWESOME 3BR/2BA HOME IN GREAT NEIGHBORHOOD** Come home to a friendly and sleepy neighborhood in the heart of the Northeast, relax in the backyard watching the sun drop behind the mountains. This home is a great value, with great energy. A/C and ...","Location: El Paso, United States"
USD 950.00,"Posted: 12 hour(s), 00 min(s) ago",," 3bed 1bath house available in 7506 Seaton Pl, Fayetteville, Rent $950... More Houses for Rent AdsThis 3 bedroom, 1.0 bathroom home of 1175 sqft comes with: Air Conditioning, Refrigerator, Oven. We are pet-friendly! the combined household income must be 3x the monthly rent. For Section 8 renters, we require the combined household income be ...","Location: Fayetteville, United States"
USD 900.00,"Posted: 12 hour(s), 03 min(s) ago",," 2bed 2bath house available in 113 Willow Gardens Ct, Raeford, Rent $900... More Houses for Rent AdsThis 2 bed/2 bath single story brick home has a single car garage with additional storage, fenced back yard and separate laundry room with full-sized washer/dryer hook ups on a tree-lined cul de sac. Easy to clean white VCT flooring and window blinds...","Location: Raeford, United States"
USD 750.00,"Posted: 12 hour(s), 08 min(s) ago",," 2bed 1bath house available in 323B Grafton Ave, Fayetteville, Rent $750... More Houses for Rent AdsVery cute apartment with 2 bedrooms and 1 full bath. This single-level unit has an eat-in kitchen that comes equipped with a range, refrigerator, and dishwasher. There is a laundry area in this home as well, with washer & dryer hookups. There is a li...","Location: Fayetteville, United States"
USD 800.00,"Posted: 12 hour(s), 12 min(s) ago",," 2bed 1bath house available in 1546 Clara Ave, Louisville, Rent $800... More Houses for Rent AdsLovely 2BR/1BA House Fresh paint new flooring- easy clean up! fenced back yard carport enclosed front porch unfinished basement with W/D hook ups Approved applicants will require Renter's Insurance","Location: Louisville, United States"
USD 900.00,"Posted: 12 hour(s), 37 min(s) ago",," 3 bd2 ba-- sqft 502 SE 31st St, Cape Coral, FL 33904... More Houses for Rent AdsBELOW MARKET RENT! Lowest priced for single family home in the area. This will not last! Hurry and get your application in today. You must complete an application ONCE WE HAVE AN APPROVED APPLICATION WE WOULD THEN SCHEDULE A TIME FOR VIEWING.Applicat...","Location: Cape Coral, United States"
USD 950.00,"Posted: 12 hour(s), 45 min(s) ago",," 3 bd2 ba1,400 sqft 7825 Birchwood Dr, Port Richey, FL 34668... More Houses for Rent AdsCharming house with a circular driveway nestled in the desirable neighborhood of Port Richey, FL. This spacious property offers a comfortable living space of approximately 1400.0 sqft, perfect for families or individuals seeking a cozy home. Built in...","Location: New Port Richey, United States"
USD 650.00,"Posted: 12 hour(s), 47 min(s) ago",," 2 bd1 ba680 sqft 8204 N Semmes St, Tampa, FL 33604... More Houses for Rent AdsThis cozy 2 bedroom, 1 bath home is located just off E Bird St within a few miles of several food and shopping destinations. This home features a freshly painted interior with vinyl planking floors throughout for easy up keep, recently updated kitche...","Location: Tampa, United States"
USD 650.00,"Posted: 12 hour(s), 49 min(s) ago",," 3 bd1 ba1,273 sqft 3467 Columbus Ave, Jacksonville, FL 32254... More Houses for Rent AdsMove in Special: 1 Month Free! This 3 bedroom, 1 bathroom home is located off of Edgewood Ave near Beaver St in West Jacksonville and is convenient to Downtown. This home has tons of curb appeal with the beautiful brick exterior and attached one-car ...","Location: Jacksonville, United States"
USD 500.00,"Posted: 12 hour(s), 53 min(s) ago",," 2 bd1 ba536 sqft 640 Martin Luther King Blvd NE, Winter Haven, FL 33881... More Houses for Rent AdsThis cozy 2 bedroom, 1 bathroom home is the front structure on a shared lot located on MLK JR Blvd NE near Lake Maud Dr, directly across the street from Jewett Middle & High School. This property features tile through out for easy up keep.","Location: Winter Haven, United States"
"USD 1,600.00","Posted: 13 hour(s), 19 min(s) ago",," 3 bd2 ba1,490 sqft 42 Charter Cir, Ponte Vedra, FL 32081... More Houses for Rent AdsThis beautiful 3 bedroom 2 bathroom house is located in The Enclave neighborhood of Nocatee, right next to the desired Nocatee Town Center shopping and dining! This home has a cute Key West bungalow feel to it. There is a nice enclosed side yard with...","Location: Ponte Vedra Beach, United States"
"USD 1,100.00","Posted: 13 hour(s), 24 min(s) ago",," 3 bd2 ba1,273 sqft 45 Tompkins St, Pt Charlotte, FL 33954... More Houses for Rent AdsBELOW MARKET RENT! Lowest priced for single family home in the area. This will not last! Hurry and get your application in today. You must complete an application ONCE WE HAVE AN APPROVED APPLICATION WE WOULD THEN SCHEDULE A TIME FOR VIEWING.Applicat...","Location: Port Charlotte, United States"
"USD 1,100.00","Posted: 13 hour(s), 27 min(s) ago",," 4 bd2 ba1,710 sqft 1365 Sequoia Rd NW, Palm Bay, FL 32907... More Houses for Rent AdsBELOW MARKET RENT! Lowest priced for single family home in the area. This will not last! Hurry and get your application in today. You must complete an application ONCE WE HAVE AN APPROVED APPLICATION WE WOULD THEN SCHEDULE A TIME FOR VIEWING.Applicat...","Location: Palm Bay, United States"
"USD 1,300.00","Posted: 13 hour(s), 31 min(s) ago",," 3 bd2 ba1,025 sqft 1907 Saint John St, Tampa, FL 33607... More Houses for Rent AdsNewly Renovated 3 bedroom, 2 bath home in the heart of booming West Tampa. Open floor plan with ample sized bedrooms, upgraded flooring and paint throughout. Laundry room situated just off the beautiful and new kitchen. Featuring an open floor plan a...","Location: Tampa, United States"
USD 900.00,"Posted: 13 hour(s), 33 min(s) ago",," 3bed 1bath house available in 9961 Vaughan St, Detroit, Rent $900... More Houses for Rent AdsNice ranch home conveniently located on Detroit's west side. All measurements are estimated, tenant/agent to verify details. Lease application required. $55 application fee, per adult age 18 and older. We will conduct a credit and background check. C...","Location: Detroit, United States"
"USD 1,000.00","Posted: 13 hour(s), 35 min(s) ago",," 2 bd2 ba932 sqft 13818 Malcolm Ave, Hudson, FL 34667... More Houses for Rent AdsDiscover the epitome of modern living and comfort at 13818 Malcolm Ave, a stunning rental home nestled in the heart of Hudson, FL. This captivating residence invites you to experience a lifestyle of tranquility, convenience, and luxury, all in one ex...","Location: Hudson, United States"
"USD 1,000.00","Posted: 13 hour(s), 38 min(s) ago",," 4bed 1bath house available in 1220 Military St, Detroit, Rent $1000... More Houses for Rent AdsThis 4 Bedroom 1 bath House Requirements At least 550 credit score Or Section 8 Work history of 2 years making 3 x rent/ or section 8 No unpaid utilities on credit report No evictions or Judgements Non-Refundable $55 application fee...","Location: Detroit, United States"
"USD 1,000.00","Posted: 13 hour(s), 39 min(s) ago",," 3 bd2 ba1,323 sqft 265 Emerson Dr NW, Palm Bay, FL 32907... More Houses for Rent AdsGorgeous home in Palm Bay! Family room included! Stainless steel appliances for a modern look. Beautiful freshly painted kitchen and bathroom cabinets. Screened in patio! Perfect for relaxing outside during rain or shine! Near by shops, restaurants a...","Location: Palm Bay, United States"
USD 900.00,"Posted: 13 hour(s), 41 min(s) ago",," 3 bd2 ba1,458 sqft 4282 Forest Blvd, Jacksonville, FL 32246... More Houses for Rent AdsBELOW MARKET RENT! Lowest priced for single family home in the area. This will not last! Hurry and get your application in today. You must complete an application ONCE WE HAVE AN APPROVED APPLICATION WE WOULD THEN SCHEDULE A TIME FOR VIEWING.Applicat...","Location: Jacksonville, United States"
"USD 1,000.00","Posted: 13 hour(s), 42 min(s) ago",," 3bed 2bath house available in 24661 Bolam Ave, Warren, Rent $1000... More Houses for Rent AdsTHIS 3-BEDROOM BUNGALOW IS A MUST SEE! iT HAS 2 BEDROOMS AND FULL BATHROOM DOWNSTAIRS WITH A MASTER BEDROOM AND FULL BATHROOM UPSTAIRS FOR THE MASTER SUITE! THERE IS A FENCED-IN YARD WITH A BRAND NEW ROOF WITH A TWO-CAR GARAGE. READY FOR MOVE-IN SEPT...","Location: Warren, United States"
USD 750.00,"Posted: 13 hour(s), 45 min(s) ago",," 3 bd1 ba968 sqft 725 Linda Dr, Jacksonville, FL 32208... More Houses for Rent AdsSpacious 3 bedroom 1 bathroom single family home with central AC. Extra features include a seperate garage with washer/dryer hookups. This home is newly updated. Minutes away from major highways, schools, and shopping.","Location: Jacksonville, United States"
"USD 1,000.00","Posted: 13 hour(s), 46 min(s) ago",," 3bed 2bath house available in 17399 Edinborough Rd, Detroit, Rent $1000... More Houses for Rent AdsThis 3 Bedroom 2.5 baths House Requirements At least 550 credit score Or Section 8 Work history of 2 years making 3 x rent/ or section 8 No unpaid utilities on credit report No evictions or Judgements Non-Refundable $55 application ...","Location: Detroit, United States"
USD 700.00,"Posted: 13 hour(s), 47 min(s) ago",," 2 bd1 ba1,225 sqft 3119 Phyllis St, Jacksonville, FL 32205... More Houses for Rent AdsCheck out this new to market bungalow in the Murray Hill neighborhood! This 2 bedroom, 1 bathroom home has a spacious floor plan and consists of 1,255 sq. ft! Kitchen features ample cabinet space for storage and a large layout. Home features washer/d...","Location: Jacksonville, United States"
"USD 1,000.00","Posted: 13 hour(s), 50 min(s) ago",," 4 bd2 ba1,605 sqft 1417 Punta Gorda Dr, Poinciana, FL 34759... More Houses for Rent AdsCome live in this amazing 4BR/2BA modern home!! This modern home features tiled flooring throughout and marble countertops for durability and aesthetics! The best part... there are NO carpets to worry about!! The kitchen features stainless steel appl...","Location: Poinciana, United States"
USD 850.00,"Posted: 13 hour(s), 50 min(s) ago",," 2bed 2bath house available in 4825 S A St, Richmond, Rent $850... More Houses for Rent AdsVery nice patio home in quiet neighborhood. All one level. Next to wooded area on dead end street. Newer flooring throughout. One car garage, plenty of storage/closet space, central air, gas heat, kitchen appliances provided, washer/dryer hook up, fi...","Location: Richmond, United States"
USD 900.00,"Posted: 13 hour(s), 54 min(s) ago",," 3 bd2 ba1,510 sqft 1315 Laurel Dr, Daytona Beach, FL 32117... More Houses for Rent AdsBELOW MARKET RENT! Lowest priced for single family home in the area. This will not last! Hurry and get your application in today. You must complete an application ONCE WE HAVE AN APPROVED APPLICATION WE WOULD THEN SCHEDULE A TIME FOR VIEWING.Applicat...","Location: Daytona Beach, United States"
"USD 1,000.00","Posted: 13 hour(s), 55 min(s) ago",," 3bed 2bath house available in 1017 Ebony Cir, Franklin, Rent $1000... More Houses for Rent Ads3 bedroom, 2 bathroom rental home in Franklin, IN, may be just the home for you. Enjoy outdoor living on the patio/balcony. You'll appreciate the W/D hookups when it's laundry time. FirstKey Homes, LLC is an Equal Housing Lessor under the FHA. App...","Location: Franklin, United States"
USD 900.00,"Posted: 13 hour(s), 56 min(s) ago",," 3 bd2 ba1,182 sqft 531 Oak Branch Cir, Kissimmee, FL 34758... More Houses for Rent AdsBELOW MARKET RENT! Lowest priced for single family home in the area. This will not last! Hurry and get your application in today. You must complete an application ONCE WE HAVE AN APPROVED APPLICATION WE WOULD THEN SCHEDULE A TIME FOR VIEWING.Applicat...","Location: Kissimmee, United States"
USD 800.00,"Posted: 13 hour(s), 58 min(s) ago",," 2bed 1bath house available in 2825 Winchester Ave, Martinsburg, Rent $800... More Houses for Rent AdsNice home in Martinsburg features 2 bedrooms, 1 bathroom, living room, kitchen, dining area, loft, deck and small yard. Tenant pays utilities. Owner charges first and last month plus a $300 secutiry deposit to move in. Pets allowed on a case by case ...","Location: Martinsburg, United States"
"USD 1,000.00","Posted: 13 hour(s), 58 min(s) ago",," 4 bd2.5 ba1,580 sqft 13755 SW 47th Cir, Ocala, FL 34473... More Houses for Rent AdsDo not miss your chance to make this house your home sweet home. Enjoy a large open kitchen with modern countertops and stainless appliances, a spacious living room for family & friends' gatherings, comfortable bedrooms with closets, and airy bathroo...","Location: Ocala, United States"
"USD 1,000.00","Posted: 14 hour(s), 01 min(s) ago",," 3 bd2 ba1,556 sqft 1230 Oakwood Ln, Saint Johns, FL 32259... More Houses for Rent AdsNewly renovated home for rent in St Johns county! This 3 bedroom, 2 bathroom home has all new luxury vinyl plank flooring throughout and fresh paint. Kitchen has been completely remodeled with brand new white cabinets, stainless steel appliances (exc...","Location: Barberville, United States"
USD 800.00,"Posted: 14 hour(s), 02 min(s) ago",," 3bed 1bath house available in 16 Ridge St, Wheeling, Rent $800... More Houses for Rent AdsBeautiful Three Bedroom Home for Rent Rent: $800 per month Security Deposit: $900 Welcome to your new home! This three bedroom house offers a cozy and comfortable living space for you. With a large open eat-in kitchen that connects to the li...","Location: Wheeling, United States"
"USD 1,200.00","Posted: 14 hour(s), 06 min(s) ago",," 4 bd2 ba1,374 sqft 3011 Dodge St, Tampa, FL 33605... More Houses for Rent AdsHome in Almost NEW condition. Ready for its new renter. Move in ready with a beautiful kitchen and bathrooms. Huge Master Bedroom with two oversize walk-in closets. No carpet in this home. Partially fenced oversize yard. This home is a MUST SEE. HURR...","Location: Tampa, United States"
USD 900.00,"Posted: 14 hour(s), 06 min(s) ago",," 2bed 1bath house available in 1033 5th Street Ext, Ambridge, Rent $900... More Houses for Rent AdsNewly renovated 2 bedroom, 1 bath house for rent on a quiet street. New floors, new paint, newly remodeled kitchen, washer and dryer hookups in the basement. Central air conditioning and heat. The driveway has plenty of parking along with a car port ...","Location: Ambridge, United States"
"USD 1,200.00","Posted: 14 hour(s), 10 min(s) ago",," 3 bd2 ba1,555 sqft 1963 Turtle Dove Ln, Kissimmee, FL 34746... More Houses for Rent AdsFamilies love this spacious cozy one-story, three bedroom, two bathroom home. The kitchen overlooks the dining and family rooms, this home is perfect for entertaining. The large owner's suite includes a bedroom, bathroom with his and her sinks, an...","Location: Kissimmee, United States"
"USD 1,000.00","Posted: 14 hour(s), 14 min(s) ago",," 3 bd2 ba1,551 sqft 730 Garden Oaks Sq, Seffner, FL 33584... More Houses for Rent AdsWelcome to your new home at 730 Garden Oaks Sq, Seffner, FL 33584! This 3 bed, 2 bath home is conveniently located near E Hillsborough Ave close to schools, restaurants and shopping in Seffner, FL - apply now this home won't last!!","Location: Seffner, United States"
"USD 1,000.00","Posted: 14 hour(s), 18 min(s) ago",," 4 bd2 ba1,710 sqft 2734 Wright Ave SE, Palm Bay, FL 32909... More Houses for Rent AdsE the FIRST to live in this BRAND NEW 4 Bedroom, 2 Bathroom open floor plan home which will be move-in ready in two weeks! Plenty of natural light cascades through the many energy-efficient windows allowing you to SAVE MONEY on utility costs! UPGRADE...","Location: Palm Bay, United States"
USD 750.00,"Posted: 14 hour(s), 22 min(s) ago",," 4 bd1.5 ba1,166 sqft 840 Crest Dr E, Jacksonville, FL 32221... More Houses for Rent AdsGreat four bedroom with one and a half bathroom home! Home is located on a large corner lot with great backyard! Home features split bedroom, separate dining room, family room, newer kitchen appliances, and large shed in the back yard!","Location: Jacksonville, United States"
"USD 1,000.00","Posted: 14 hour(s), 25 min(s) ago",," 3 bd2 ba1,412 sqft 3811 Southview Dr, Brandon, FL 33511... More Houses for Rent AdsYou deserve a quality home that you can shape to fit your personality. And here it is. Invite your family and friends for quality time in a home that reflects your spirit. The living space's stylish finishes offer a blank canvas you can make your...","Location: Brandon, United States"
USD 850.00,"Posted: 14 hour(s), 28 min(s) ago",," 4 bd2.5 ba2,130 sqft 9406 Gisborne Dr, Jacksonville, FL 32208... More Houses for Rent AdsBELOW MARKET RENT! Lowest priced for single family home in the area. This will not last! Hurry and get your application in today. You must complete an application ONCE WE HAVE AN APPROVED APPLICATION WE WOULD THEN SCHEDULE A TIME FOR VIEWING.Applicat...","Location: Jacksonville, United States"
"USD 1,000.00","Posted: 14 hour(s), 32 min(s) ago",," 2 bd2 ba1,026 sqft 412 NW Cornell Ave, Port Saint Lucie, FL 34983... More Houses for Rent AdsBELOW MARKET RENT! Lowest priced for single family home in the area. This will not last! Hurry and get your application in today. You must complete an application ONCE WE HAVE AN APPROVED APPLICATION WE WOULD THEN SCHEDULE A TIME FOR VIEWING.Applicat...","Location: Port Saint Lucie, United States"
"USD 1,300.00","Posted: 14 hour(s), 36 min(s) ago",," 4 bd2 ba1,215 sqft 2190 Morehouse Rd, Jacksonville, FL 32209... More Houses for Rent AdsFresh RENOVATION and move in ready. Open floor plan 4 bedrooms 2 baths. Inside laundry. Large back yard on a quiet street. Home will not last, call today to arrange a private viewing. Fresh RENOVATION and move in ready. Open floor plan 4 bedrooms ...","Location: Jacksonville, United States"
USD 850.00,"Posted: 14 hour(s), 40 min(s) ago",," 3 bd1 ba910 sqft 3108 Plum St, Jacksonville, FL 32205... More Houses for Rent AdsMURRAY HILL HOUSE FOR RENT. From the intersection of Post St. and Edgewood, head northeast on Post St, turn left onto Day Ave, turn right at the 2nd cross street onto Plum St and designation will be on the right. Located across the street from Powers...","Location: Jacksonville, United States"
"USD 1,000.00","Posted: 14 hour(s), 53 min(s) ago",," 3 bd1.5 ba1,040 sqft 13419 2nd St, Fort Myers, FL 33905... More Houses for Rent AdsYour home search can end right here in this wonderful house designed with your needs in mind. You'll notice lots of natural light spilling into the entryway as soon as you open the door. Attractive tile flooring runs throughout the open concept l...","Location: Fort Myers, United States"
"USD 1,000.00","Posted: 14 hour(s), 56 min(s) ago",," 3 bd2 ba1,619 sqft 1504 Handley Blvd, Lakeland, FL 33803... More Houses for Rent AdsYou deserve a quality home that you can shape to fit your personality. And here it is. Invite your family and friends for quality time in a home that reflects your spirit. The living space's stylish finishes offer a blank canvas you can make your...","Location: Lakeland, United States"
"USD 1,000.00","Posted: 14 hour(s), 59 min(s) ago",," 3 bd2 ba1,141 sqft 531 Alexia Ave S, Lehigh Acres, FL 33974... More Houses for Rent AdsNice 3 bedroom, 2 bathroom home is in a peaceful area. This newly remodeled property has an open floorplan with tile in the main areas and carpet in the bedrooms. Close access to SR 82, for a quick commute to Fort Myers. This gem won't last","Location: Lehigh Acres, United States"
"USD 1,000.00","Posted: 15 hour(s), 01 min(s) ago",," 4 bd1.5 ba1,471 sqft 1161 N Highland St, Mount Dora, FL 32757... More Houses for Rent AdsBeautiful Location! This home is located in Mount Dora Florida about 30 min from Orlando, 10 min from Eustis and Tavares. Four bedrooms, 1.5 Bath Home. Family room, nice kitchen with granite counters, stainless steel appliances. Large fenced yard wit...","Location: Mount Dora, United States"
"USD 1,400.00","Posted: 15 hour(s), 05 min(s) ago",," 4 bd2 ba2,319 sqft 2829 NW 7th Ter, Cape Coral, FL 33993... More Houses for Rent AdsBELOW MARKET RENT! Lowest priced for single family home in the area. This will not last! Hurry and get your application in today. You must complete an application ONCE WE HAVE AN APPROVED APPLICATION WE WOULD THEN SCHEDULE A TIME FOR VIEWING.Applicat...","Location: Cape Coral, United States"
"USD 1,200.00","Posted: 15 hour(s), 26 min(s) ago",," 2 bd2 ba1,203 sqft 101 N Arcturas Ave, Clearwater, FL 33765... More Houses for Rent AdsFully updated 2 bedroom, 2 bath single family home with an extra BONUS room! Freshly painted in and out! Samsung stainless steel appliances with granite counters. The house is centrally located, and minutes from Clearwater beach! It has a new remodel...","Location: Clearwater, United States"
USD 750.00,"Posted: 18 hour(s), 47 min(s) ago",," 2bed 1bath house available for rent in 661 8th St, Freedom, Rent $750... More Houses for Rent Ads2BR / 1BA house in Freedom Borough, PA 15042. House is located on a nice quiet dead-end street in Freedom, close to route 51 and 65 and less than 20mins from the Cracker Plant... with decent neighbors. Tenant pays all utilities: Electric, Water-Sewag...","Location: Freedom, United States"
"USD 1,000.00","Posted: 19 hour(s), 03 min(s) ago",," 4bed 2bath house available for rent in 5947 Heckert Rd, Bakerstown, Rent $1000... More Houses for Rent AdsNew carpeting and appliance in this large home with nice private back yard. Walking distance to the park and conveniently located only minutes from shopping and restaurants. Large rooms with unique characteristics and charm offer a great home setting...","Location: Bakerstown, United States"
"USD 1,600.00","Posted: 20 hour(s), 07 min(s) ago",," 3 bd2 ba1,238 sqft 1793 Via Natal, San Lorenzo, CA 94580... More Houses for Rent AdsThis roomy home boasts 3 bedrooms, 2 bathrooms, and 1,238 sq ft of living space. This beautiful dwelling features a convenient floor plan, lots of natural light, high ceilings, and fireplace in the living room, and ceiling fans throughout. Enjoy your...","Location: San Lorenzo, United States"
USD 850.00,"Posted: 20 hour(s), 10 min(s) ago",," 2 bd1 ba840 sqft 508 S Oak Park St, Visalia, CA 93277... More Houses for Rent AdsWelcome to your new home in Visalia, CA! This cozy 2-bedroom, 1 bathroom house is now available for you to make your own. It has been updated with modern touches you will find desirable! Located conveniently close to Hwy 198, you'll have easy access ...","Location: Visalia, United States"
USD 850.00,"Posted: 20 hour(s), 13 min(s) ago",," 3 bd1 ba816 sqft 1848 E 22nd St, Merced, CA 95340... More Houses for Rent AdsWelcome to this charming 3-bedroom, 1-bathroom home located in Merced. This freshly painted and updated house is perfect for those seeking a comfortable and inviting living space. Situated on a large lot, this property offers plenty of room for outdo...","Location: Merced, United States"
"USD 1,200.00","Posted: 20 hour(s), 18 min(s) ago",," 2 bd2 ba1,424 sqft 2321 Oak Knoll Way, Oroville, CA 95966... More Houses for Rent Ads2 Bed 2 Bath Home located on a large amount of property. Hardwood Floors throughout. Comes with Refrigerator, Electric stove and microwave, as well as Washer and Dryer. There is a shed on the property as well for tenant access for storage. Home has c...","Location: Oroville, United States"
"USD 1,050.00","Posted: 20 hour(s), 21 min(s) ago",," 2 bd2 ba1,235 sqft 26419 Chestnut Dr, Hemet, CA 92544... More Houses for Rent AdsSTOP AND LOOK at this darling 2 bedroom, 2 bath Hemet home located in a quiet neighborhood off Columbia and Whittier. The home features: 1235 Sq ft of living space, attached 2 Car Garage. Enclosed bonus room Has a great view of the mountains from a s...","Location: Hemet, United States"
"USD 1,000.00","Posted: 20 hour(s), 24 min(s) ago",," 4 bd2 ba1,775 sqft 1131 N Mono Ct, Ridgecrest, CA 93555... More Houses for Rent AdsBELOW MARKET RENT! Lowest priced for single family home in the area. This will not last! Hurry and get your application in today. You must complete an application ONCE WE HAVE AN APPROVED APPLICATION WE WOULD THEN SCHEDULE A TIME FOR VIEWING.Applicat...","Location: Ridgecrest, United States"
"USD 1,200.00","Posted: 20 hour(s), 26 min(s) ago",," 3 bd2 ba1,700 sqft 21621 Jane Ct, Tehachapi, CA 93561... More Houses for Rent AdsLocated on a quiet cul-de-sac with friendly neighbors, this 3 bedroom 2 bath is a gardeners delight with 4 apple trees, apricot tree, pear tree and producing red grape vines. It has a detached Garage workshop and 3 non fruiting mulberry trees that sh...","Location: Tehachapi, United States"
USD 575.00,"Posted: 20 hour(s), 26 min(s) ago",," 924 E 7th St, Newton, KS 67114... More Houses for Rent AdsThis 881 square foot single family home has 2 bedrooms and 1.0 bathrooms. This home is located at 924 E 7th St, Newton, KS 67114. Very clean and well kept. Hardwood floors. with laundry - washer/dryer included. pets are allowed Text or call to ...","Location: Newton, United States"
"USD 1,050.00","Posted: 20 hour(s), 30 min(s) ago",," 1 bd1 ba2,396 sqft 4382 McClintock St, San Diego, CA 92105... More Houses for Rent AdsBELOW MARKET RENT! Lowest priced for single family home in the area. This will not last! Hurry and get your application in today. You must complete an application ONCE WE HAVE AN APPROVED APPLICATION WE WOULD THEN SCHEDULE A TIME FOR VIEWING.Applicat...","Location: San Diego, United States"
USD 850.00,"Posted: 20 hour(s), 34 min(s) ago",," 3 bd1.5 ba1,078 sqft 1912 Lacey St, Bakersfield, CA 93304... More Houses for Rent AdsCharming 3 bed 2 bath located right in Central Bakersfield! Kitchen features a Stove and dishwasher. Owner pays for gardening, trash and sewer, tenant is responsible for other utilities. Washer and Dryer hookups, attached garage and huge back yard pe...","Location: Bakersfield, United States"
"USD 1,000.00","Posted: 20 hour(s), 37 min(s) ago",," 3 bd1 ba1,000 sqft 6 Graeagle Way, Sacramento, CA 95823... More Houses for Rent AdsBuilt in 1983, two car garage and RV parking access. New laminate recently installed and new paint. New gas range in the kitchen. Indoor laundry hookups. Bathroom updated with new shower surrounding. Covered patio in large backyard.","Location: Sacramento, United States"
"USD 1,500.00","Posted: 20 hour(s), 40 min(s) ago",," 3 bd2 ba1,791 sqft 1168 Monte Vista Dr, Riverside, CA 92507... More Houses for Rent AdsBeautiful single story located very close to UCR. This home offers a very open floor plan which consists of 2 spare bedrooms, a hall full bathroom, a large master bathroom, a large living room, large family room, kitchen, kitchen dining nook, a two c...","Location: Riverside, United States"
"USD 1,000.00","Posted: 20 hour(s), 44 min(s) ago",," 4 bd2 ba1,705 sqft 575 Santa Clara St, Merced, CA 95341... More Houses for Rent AdsThis 1705 square foot single family home has 4 bedrooms and 2.0 bathrooms. This home is located at 575 Santa Clara St, Merced, CA 95341. This 1705 square foot single family home has 4 bedrooms and 2.0 bathrooms. This home is located at 575 Santa C...","Location: Merced, United States"
"USD 1,400.00","Posted: 20 hour(s), 47 min(s) ago",," 2 bd1 ba921 sqft 24548 Copper Cliff Ct, Lake Forest, CA 92630... More Houses for Rent AdsYou won't want to miss out on this lovely two bedroom, one bathroom upper unit condo in Serrano Woods. This home has been freshly painted and features a large living area, a kitchen with upgraded cabinets, granite composite countertops, and newer app...","Location: Lake Forest, United States"
"USD 1,200.00","Posted: 20 hour(s), 51 min(s) ago",," 3 bd2 ba1,000 sqft 218 W Alameda St, Manteca, CA 95336... More Houses for Rent AdsCome and tour this clean & cozy 3 bedroom 2 bathroom town home. Freshly painted, features updated appliances, central heat & air, two car garage, small backyard, and more. Close to downtown, shopping, schools. Water, sewer, trash is paid. Renter' Ins...","Location: Manteca, United States"
"USD 1,300.00","Posted: 20 hour(s), 55 min(s) ago",," 3 bd2 ba2,165 sqft 55675 Desert Gold Dr, Yucca Valley, CA 92284... More Houses for Rent AdsYou have to see this home for yourself to believe what you are going to read! This 3 bedroom, 2 bath home is located in the highly sought after and quiet neighborhood of Juniper Terrace and has great views from the front covered patio. It has a separ...","Location: Yucca Valley, United States"
"USD 1,000.00","Posted: 20 hour(s), 59 min(s) ago",," 3 bd1.5 ba1,700 sqft 2257 4th St, Atwater, CA 95301... More Houses for Rent AdsThis super cute 3 bedroom 1.5 home built in 1954 features 1,700 square feet and is conveniently located in the heart of Atwater. Situated close to shopping, restaurants, fitness centers and parks in a nice quiet neighborhood.","Location: Atwater, United States"
"USD 2,000.00","Posted: 21 hour(s), 01 min(s) ago",," 3 bd2 ba1,350 sqft 4643 Pimenta Ave, Lakewood, CA 90712... More Houses for Rent AdsWelcome to this beautifully upgraded home with classic original features. The charm of this property begins with its stunning curb appeal, boasting a manicured lawn and well-maintained exterior. Step inside to see the perfect combination of modern up...","Location: Lakewood, United States"
USD 900.00,"Posted: 21 hour(s), 04 min(s) ago",," 3 bd2 ba1,270 sqft 6185 Chia Ave, Twentynine Palms, CA 92277... More Houses for Rent AdsThis one won't last! This newly remodeled home is in the heart of 29 Palms with just a short drive to anything you need (i.e grocery shopping, restaurants, USMC Military Base and the all-famous Joshua Tree National Park) Fresh paint and new flooring ...","Location: Twentynine Palms, United States"
USD 850.00,"Posted: 21 hour(s), 08 min(s) ago",," 2 bd1 ba-- sqft 12450 Adams St, Yucaipa, CA 92399... More Houses for Rent AdsADORABLE 2 BEDROOM, 1 BATH HOME, WITH SINGLE CAR GARAGE, WASHER DRYER HOOK UPS, NEW PAINT INSIDE AND OUT, INCLUDES WATER, GARDENER, TRASH AND SEWER. ADORABLE 2 BEDROOM, 1 BATH HOME, WITH SINGLE CAR GARAGE, WASHER DRYER HOOK UPS, NEW PAINT INSIDE A...","Location: Yucaipa, United States"
"USD 1,500.00","Posted: 21 hour(s), 12 min(s) ago",," 4 bd2 ba1,678 sqft 506 Trumpeter Dr, Suisun City, CA 94585... More Houses for Rent AdsCompletely remodeled 4bd, 2 bath & 2 car garage house with all brand new hardwood floor, roof, cabinets, appliances. Freshly painted inside & outside the house. House is located in quite & safe neighborhood. 2 storage sheds in the backyard.","Location: Suisun City, United States"
"USD 1,400.00","Posted: 21 hour(s), 24 min(s) ago",," 2 bd1 ba858 sqft 5411 Lowell St, Sacramento, CA 95820... More Houses for Rent AdsBELOW MARKET RENT! Lowest priced for single family home in the area. This will not last! Hurry and get your application in today. You must complete an application ONCE WE HAVE AN APPROVED APPLICATION WE WOULD THEN SCHEDULE A TIME FOR VIEWING.Applicat...","Location: Sacramento, United States"
